Order,,None
Order,,Quicksilver Potion
Order,,Obstinate Blade
Order,,Relic Blade
Order,,Hoarfrost
Order,,Talisman of Blinding Light
Order,,Phoenix Stone
Chaos,,None
Chaos,,Daemon Weapon
Chaos,,Chaos Runeblade
Chaos,,Beguiling Gem
Chaos,,Chaos Talisman
Chaos,,Favour of the Gods
Chaos,,Crown of Conquest
Destruction,,None
Destruction,,Hammerblade
Destruction,,Battered Talisman
Destruction,,Rockeye
Destruction,,Bellowing Blade
Destruction,,Collar of Domination
Destruction,,Battle Brew
Death,,None
Death,,Cursed Book
Death,,Cloak of Mists and Shadows
Death,,Blade of Dark Summons
Death,,Black Amulet
Death,,Tomb Blade
Death,,Ring of Immortality
Skirmish,Artefacts of Power,Blessed Amulet
Skirmish,Artefacts of Power,Soulsever Blade
Skirmish,Artefacts of Power,Cursed Tome
Skirmish,Artefacts of Power,Oblivion Charm
Skirmish,Artefacts of Power,Masque of Horror
Skirmish,Artefacts of Power,Helm of Authority
Skirmish,Artefacts of Power,Spectral Blade
Skirmish,Artefacts of Power,Ebon Plate
Skirmish,Artefacts of Power,Skull Helm
Skirmish,Artefacts of Power,Soul Heart
Skirmish,Artefacts of Power,Bone Relic of the Liche King
Skirmish,Artefacts of Power,Amethyst Skull
Skirmish,Malign Sorcery Artefacts of Power,Primordial Fire Charm
Skirmish,Malign Sorcery Artefacts of Power,Ur-gold Rune
Skirmish,Malign Sorcery Artefacts of Power,Flamegheist Shawl
Skirmish,Malign Sorcery Artefacts of Power,Incineration Key
Skirmish,Malign Sorcery Artefacts of Power,Dragonbreath Wand
Skirmish,Malign Sorcery Artefacts of Power,Burning Blade
Bonesplitterz,Artefacts of Power,Glowin Tattooz (Bonesplitterz)
Bonesplitterz,Artefacts of Power,Dragon Toof (Bonesplitterz)
Bonesplitterz,Artefacts of Power,Weepwood Big Shiv (Bonesplitterz)
Bonesplitterz,Artefacts of Power,Dokk Juice (Bonesplitterz)
Bonesplitterz,Artefacts of Power,Savage Trophy (Bonesplitterz)
Bonesplitterz,Artefacts of Power,Lucky Bone (Bonesplitterz)
Bonesplitterz,Arcane Treasures,Ju-ju Wotnotz (Bonesplitterz/Wizard)
Bonesplitterz,Arcane Treasures,Big Spirit Stikk (Bonesplitterz/Wizard)
Bonesplitterz,Arcane Treasures,Mork's Boney Bitz (Bonesplitterz/Wizard)
Bonesplitterz,Arcane Treasures,Da Great Zappa Squiq (Bonesplitterz/Wizard)
Bonesplitterz,Arcane Treasures,Big Wurrgog Mask (Bonesplitterz/Wizard)
Bonesplitterz,Arcane Treasures,Mystic Waaagh! Paint (Bonesplitterz/Wizard)
Sylvaneth,Magical Artefacts,Daith's Reaper (Sylvaneth)
Sylvaneth,Magical Artefacts,The Oaken Armour (Sylvaneth)
Sylvaneth,Magical Artefacts,Briarsheath (Sylvaneth)
Sylvaneth,Magical Artefacts,Seed of Rebirth (Sylvaneth)
Sylvaneth,Magical Artefacts,Wraithstone (Sylvaneth)
Sylvaneth,Magical Artefacts,Glamourweave (Sylvaneth)
Sylvaneth,Magical Artefacts,Ironbark Talisman (Sylvaneth)
Sylvaneth,Arcane Treasures,Acorn of the Ages (Sylvaneth/Wizard)
Sylvaneth,Arcane Treasures,Warsong Stave (Sylvaneth/Wizard)
Sylvaneth,Arcane Treasures,Moonstone of the Hidden Ways (Sylvaneth/Wizard)
Sylvaneth,Arcane Treasures,Ranu's Lamentiri (Sylvaneth/Wizard)
Sylvaneth,Arcane Treasures,Hagbane Spite (Sylvaneth/Wizard)
Sylvaneth,Arcane Treasures,The Silverwood Circlet (Sylvaneth/Wizard)
Sylvaneth,Arcane Treasures,Tear of Grace (Sylvaneth)
Beastclaw Raiders,Magical Artefacts,Elixir of Frostwyrm (Beastclaw Raiders)
Beastclaw Raiders,Magical Artefacts,The Bleeding Skull of Dragaar (Beastclaw Raiders)
Beastclaw Raiders,Magical Artefacts,The Pelt of Charngar (Beastclaw Raiders)
Beastclaw Raiders,Magical Artefacts,Blade of All Frost (Beastclaw Raiders)
Beastclaw Raiders,Magical Artefacts,Tokens of the Everwinter (Beastclaw Raiders)
Beastclaw Raiders,Magical Artefacts,Ice Mammoth Skull Plate (Beastclaw Raiders)
Tzeentch Arcanites,Daemonic Powers, Lord of Flux (Tzeentch/Daemon)
Tzeentch Arcanites,Daemonic Powers, Aura of Mutability (Tzeentch/Daemon)
Tzeentch Arcanites,Daemonic Powers, Cursed Ichor (Tzeentch/Daemon)
Tzeentch Arcanites,Daemonic Powers, Wellspring of Arcane Might (Tzeentch/Daemon)
Tzeentch Arcanites,Daemonic Powers, Aspect of Tzeentch (Tzeentch/Daemon)
Tzeentch Arcanites,Daemonic Powers, Mark of the Conjurer (Tzeentch/Daemon)
Daemons of Tzeentch,Daemonic Powers, Lord of Flux (Tzeentch/Daemon)
Daemons of Tzeentch,Daemonic Powers, Aura of Mutability (Tzeentch/Daemon)
Daemons of Tzeentch,Daemonic Powers, Cursed Ichor (Tzeentch/Daemon)
Daemons of Tzeentch,Daemonic Powers, Wellspring of Arcane Might (Tzeentch/Daemon)
Daemons of Tzeentch,Daemonic Powers, Aspect of Tzeentch (Tzeentch/Daemon)
Daemons of Tzeentch,Daemonic Powers, Mark of the Conjurer (Tzeentch/Daemon)
Tzeentch Arcanites,Fated Artefacts, Wicked Shard (Tzeentch/Mortal)
Tzeentch Arcanites,Fated Artefacts, Changeblade (Tzeentch/Mortal)
Tzeentch Arcanites,Fated Artefacts, Nexus Staff (Tzeentch/Mortal)
Tzeentch Arcanites,Fated Artefacts, Timeslip Pendant (Tzeentch/Mortal)
Tzeentch Arcanites,Fated Artefacts, Daemonheart (Tzeentch/Mortal)
Tzeentch Arcanites,Fated Artefacts, Paradoxical Shield (Tzeentch/Mortal)
Slaves To Darkness,Fated Artefacts, Wicked Shard (Tzeentch/Mortal)
Slaves To Darkness,Fated Artefacts, Changeblade (Tzeentch/Mortal)
Slaves To Darkness,Fated Artefacts, Nexus Staff (Tzeentch/Mortal)
Slaves To Darkness,Fated Artefacts, Timeslip Pendant (Tzeentch/Mortal)
Slaves To Darkness,Fated Artefacts, Daemonheart (Tzeentch/Mortal)
Slaves To Darkness,Fated Artefacts, Paradoxical Shield (Tzeentch/Mortal)
Slaves To Darkness,Daemonic Powers, Lord of Flux (Tzeentch/Daemon)
Slaves To Darkness,Daemonic Powers, Aura of Mutability (Tzeentch/Daemon)
Slaves To Darkness,Daemonic Powers, Cursed Ichor (Tzeentch/Daemon)
Slaves To Darkness,Daemonic Powers, Wellspring of Arcane Might (Tzeentch/Daemon)
Slaves To Darkness,Daemonic Powers, Aspect of Tzeentch (Tzeentch/Daemon)
Slaves To Darkness,Daemonic Powers, Mark of the Conjurer (Tzeentch/Daemon)
Tzeentch Arcanites,Treasures of the Cults, Ambition's End (Tzeentch Arcanites/or/Mortal)
Tzeentch Arcanites,Treasures of the Cults, Secret Eater (Tzeentch Arcanites/or/Mortal)
Tzeentch Arcanites,Treasures of the Cults, Spiteful Shield (Tzeentch Arcanites/or/Mortal)
Tzeentch Arcanites,Treasures of the Cults, Souldraught (Tzeentch Arcanites/or/Mortal)
Tzeentch Arcanites,Treasures of the Cults, Glamour Fetish (Tzeentch Arcanites/or/Mortal)
Tzeentch Arcanites,Treasures of the Cults, Windshief Charm (Tzeentch Arcanites/or/Mortal)
Slaves To Darkness,Treasures of the Cults, Ambition's End (Tzeentch Arcanites/or/Mortal)
Slaves To Darkness,Treasures of the Cults, Secret Eater (Tzeentch Arcanites/or/Mortal)
Slaves To Darkness,Treasures of the Cults, Spiteful Shield (Tzeentch Arcanites/or/Mortal)
Slaves To Darkness,Treasures of the Cults, Souldraught (Tzeentch Arcanites/or/Mortal)
Slaves To Darkness,Treasures of the Cults, Glamour Fetish (Tzeentch Arcanites/or/Mortal)
Slaves To Darkness,Treasures of the Cults, Windshief Charm (Tzeentch Arcanites/or/Mortal)
Slaves To Darkness,Daemonic Weapons, Warpfire Blade (Tzeentch/Daemon)
Slaves To Darkness,Daemonic Weapons, Sentient Weapons (Tzeentch/Daemon)
Slaves To Darkness,Daemonic Weapons, Blade of Fate (Tzeentch/Daemon)
Slaves To Darkness,Daemonic Weapons, Souleater (Tzeentch/Daemon)
Slaves To Darkness,Daemonic Weapons, Phantasmal Weapons (Tzeentch/Daemon)
Slaves To Darkness,Daemonic Weapons, Pyrofyre Stave (Tzeentch/Daemon)
Tzeentch Arcanites,Daemonic Weapons, Warpfire Blade (Tzeentch/Daemon)
Tzeentch Arcanites,Daemonic Weapons, Sentient Weapons (Tzeentch/Daemon)
Tzeentch Arcanites,Daemonic Weapons, Blade of Fate (Tzeentch/Daemon)
Tzeentch Arcanites,Daemonic Weapons, Souleater (Tzeentch/Daemon)
Tzeentch Arcanites,Daemonic Weapons, Phantasmal Weapons (Tzeentch/Daemon)
Tzeentch Arcanites,Daemonic Weapons, Pyrofyre Stave (Tzeentch/Daemon)
Daemons of Tzeentch,Daemonic Weapons, Warpfire Blade (Tzeentch/Daemon)
Daemons of Tzeentch,Daemonic Weapons, Sentient Weapons (Tzeentch/Daemon)
Daemons of Tzeentch,Daemonic Weapons, Blade of Fate (Tzeentch/Daemon)
Daemons of Tzeentch,Daemonic Weapons, Souleater (Tzeentch/Daemon)
Daemons of Tzeentch,Daemonic Weapons, Phantasmal Weapons (Tzeentch/Daemon)
Daemons of Tzeentch,Daemonic Weapons, Pyrofyre Stave (Tzeentch/Daemon)
Stormcast Eternals,Blessed Weapons,Strife-ender (Stormcast Eternals)
Stormcast Eternals,Blessed Weapons,Blade of Heroes (Stormcast Eternals)
Stormcast Eternals,Blessed Weapons,Hammer of Might (Stormcast Eternals)
Stormcast Eternals,Blessed Weapons,Fang of Dracothion (Stormcast Eternals)
Stormcast Eternals,Blessed Weapons,Obsidian Blade (Stormcast Eternals)
Stormcast Eternals,Blessed Weapons,Gift of the Six Smiths (Stormcast Eternals)
Stormcast Eternals,Blessed Weapons,Soulthief (Stormcast Eternals)
Stormcast Eternals,Enchanted Armour,Armour of Destiny (Stormcast Eternals)
Stormcast Eternals,Enchanted Armour,Armor of Silvered Sigmarite (Stormcast Eternals)
Stormcast Eternals,Enchanted Armour,Drakescale Armour (Stormcast Eternals)
Stormcast Eternals,Enchanted Armour,Mirrorshield (Stormcast Eternals)
Stormcast Eternals,Enchanted Armour,Spellshield (Stormcast Eternals)
Stormcast Eternals,Enchanted Armour,Featherfoe Torc(Stormcast Eternals)
Stormcast Eternals,Magical Artefacts,Talisman of Endurance (Stormcast Eternals)
Stormcast Eternals,Magical Artefacts,Obsidian Amulet (Stormcast Eternals)
Stormcast Eternals,Magical Artefacts,Luckstone (Stormcast Eternals)
Stormcast Eternals,Magical Artefacts,Seed of Rebirth (Stormcast Eternals)
Stormcast Eternals,Magical Artefacts,Sigmarite Pendant (Stormcast Eternals)
Stormcast Eternals,Magical Artefacts,Quicksilver Draught (Stormcast Eternals)
Stormcast Eternals,Magical Artefacts,Chains of Celestial Lightning (Stormcast Eternals)
Everchosen,Daemonic Powers,Lord of Flux (Tzeentch/Daemon)
Everchosen,Daemonic Powers,Aura of Mutability (Tzeentch/Daemon)
Everchosen,Daemonic Powers,Cursed Ichor (Tzeentch/Daemon)
Everchosen,Daemonic Powers,Wellspring of Arcane Might (Tzeentch/Daemon)
Everchosen,Daemonic Powers,Aspect of Tzeentch (Tzeentch/Daemon)
Everchosen,Daemonic Powers,Mark of the Conjurer (Tzeentch/Daemon)
Everchosen,Treasures of the Cults, Ambition's End (Tzeentch Arcanites/or/Mortal)
Everchosen,Treasures of the Cults, Secret Eater (Tzeentch Arcanites/or/Mortal)
Everchosen,Treasures of the Cults, Spiteful Shield (Tzeentch Arcanites/or/Mortal)
Everchosen,Treasures of the Cults, Souldraught (Tzeentch Arcanites/or/Mortal)
Everchosen,Treasures of the Cults, Glamour Fetish (Tzeentch Arcanites/or/Mortal)
Everchosen,Treasures of the Cults, Windshief Charm (Tzeentch Arcanites/or/Mortal)
Everchosen,Daemonic Weapons, Warpfire Blade (Tzeentch/Daemon)
Everchosen,Daemonic Weapons, Sentient Weapons (Tzeentch/Daemon)
Everchosen,Daemonic Weapons, Blade of Fate (Tzeentch/Daemon)
Everchosen,Daemonic Weapons, Souleater (Tzeentch/Daemon)
Everchosen,Daemonic Weapons, Phantasmal Weapons (Tzeentch/Daemon)
Everchosen,Daemonic Weapons, Pyrofyre Stave (Tzeentch/Daemon)
Everchosen,Fated Artefacts, Wicked Shard (Tzeentch/Mortal)
Everchosen,Fated Artefacts, Changeblade (Tzeentch/Mortal)
Everchosen,Fated Artefacts, Nexus Staff (Tzeentch/Mortal)
Everchosen,Fated Artefacts, Timeslip Pendant (Tzeentch/Mortal)
Everchosen,Fated Artefacts, Daemonheart (Tzeentch/Mortal)
Everchosen,Fated Artefacts, Paradoxical Shield (Tzeentch/Mortal)
Khorne Bloodbound,Trophies of War,The Skull-helm of Khorne (Khorne/Bloodbound)
Khorne Bloodbound,Trophies of War,The Blood-forged Armour (Khorne/Bloodbound)
Khorne Bloodbound,Trophies of War,The Brazen Rune (Khorne/Bloodbound)
Khorne Bloodbound,Trophies of War,The Blade of Endless Bloodshed (Khorne/Bloodbound)
Khorne Bloodbound,Trophies of War,Mark of the Destroyer (Khorne/Bloodbound)
Khorne Bloodbound,Trophies of War,Talisman of Burning Blood (Khorne/Bloodbound)
Khorne Bloodbound,Murderous Artefacts,Heart Seeker (Khorne/Mortal)
Khorne Bloodbound,Murderous Artefacts,Collar of Khorne (Khorne/Mortal)
Khorne Bloodbound,Murderous Artefacts,Blood Drinker (Khorne/Mortal)
Khorne Bloodbound,Murderous Artefacts,Gorecleaver (Khorne/Mortal)
Khorne Bloodbound,Murderous Artefacts,The Crimson Plate (Khorne/Mortal)
Khorne Bloodbound,Murderous Artefacts,Blood Rune (Khorne/Mortal)
Slaves To Darkness,Murderous Artefacts,Heart Seeker (Khorne/Mortal)
Slaves To Darkness,Murderous Artefacts,Collar of Khorne (Khorne/Mortal)
Slaves To Darkness,Murderous Artefacts,Blood Drinker (Khorne/Mortal)
Slaves To Darkness,Murderous Artefacts,Gorecleaver (Khorne/Mortal)
Slaves To Darkness,Murderous Artefacts,The Crimson Plate (Khorne/Mortal)
Slaves To Darkness,Murderous Artefacts,Blood Rune (Khorne/Mortal)
Daemons of Khorne,Daemonic Weapons,A'rgath the King of Blades (Khorne/Daemon)
Daemons of Khorne,Daemonic Weapons,Deathdealer (Khorne/Daemon)
Daemons of Khorne,Daemonic Weapons,Khartoth the Bloodhunger (Khorne/Daemon)
Daemons of Khorne,Daemonic Weapons,Hellfire Blade (Khorne/Daemon)
Daemons of Khorne,Daemonic Weapons,Harvester of Skulls (Khorne/Daemon)
Daemons of Khorne,Daemonic Weapons,Behemoth's Bane (Khorne/Daemon)
Daemons of Khorne,Daemonic Ardornments,The Crimson Crown (Khorne/Daemon)
Daemons of Khorne,Daemonic Ardornments,Armour of Scorn (Khorne/Daemon)
Daemons of Khorne,Daemonic Ardornments,Mark of the Bloodreaper (Khorne/Daemon)
Daemons of Khorne,Daemonic Ardornments,Collar of Khorne (Khorne/Daemon)
Daemons of Khorne,Daemonic Ardornments,Crimson Soulstone (Khorne/Daemon)
Daemons of Khorne,Daemonic Ardornments,Mark of the slayer (Khorne/Daemon)
Kharadron Overlords,Aethermatic Weapons,Hammer of Aethermatic Might (Kharadron Overlords)
Kharadron Overlords,Aethermatic Weapons,Sledgeshock Hammer (Kharadron Overlords)
Kharadron Overlords,Aethermatic Weapons,Aetherschok Bludgeon (Kharadron Overlords)
Kharadron Overlords,Aethermatic Weapons,Gattlesson's Endless Repeater (Kharadron Overlords)
Kharadron Overlords,Aethermatic Weapons,Aethershock Earbuster (Kharadron Overlords)
Kharadron Overlords,Aethermatic Weapons,Staff of Ocular Optimisation (Kharadron Overlords)
Kharadron Overlords,Barak-Zon,Aethersped Hammer (Kharadron Overlords)
Kharadron Overlords,Barak-Thryng,Grudgehammer (Kharadron Overlords)
Kharadron Overlords,Treasures,Masterwrought Armour (Kharadron Overlords)
Kharadron Overlords,Treasures,Balebreath Mask (Kharadron Overlords)
Kharadron Overlords,Treasures,Autotinkerer (Kharadron Overlords)
Kharadron Overlords,Treasures,Aethersight Loupe (Kharadron Overlords)
Kharadron Overlords,Treasures,Gimlet Lens (Kharadron Overlords)
Kharadron Overlords,Treasures,Aethercharged Rune (Kharadron Overlords)
Darkling Covens,Darkling Covens,Shadowshroud Ring (Darkling Covens)
Darkling Covens,Darkling Covens,Incorporeal Retainer (Darkling Covens)
Darkling Covens,Darkling Covens,Anklet of Epiphany (Darkling Covens)
Darkling Covens,Darkling Covens,Decanter of Egos (Darkling Covens)
Darkling Covens,Darkling Covens,Heart of Woe (Darkling Covens)
Darkling Covens,Darkling Covens,Shadesliver (Darkling Covens)
Dispossessed,Dispossessed,Heavy Metal Ingot (Dispossessed)
Dispossessed,Dispossessed,Ancestral Pickaxe (Dispossessed)
Dispossessed,Dispossessed,Teardrop of Grugni (Dispossessed)
Dispossessed,Dispossessed,Grudge Rune (Dispossessed)
Dispossessed,Dispossessed,Piledriver Gauntlets (Dispossessed)
Dispossessed,Dispossessed,Resounding Gromrilhorn (Dispossessed)
Free Peoples,Free Peoples,Armour of Meteoric Iron (Free Peoples)
Free Peoples,Free Peoples,Blade of the Realms (Free Peoples)
Free Peoples,Free Peoples,Luckstone (Free Peoples)
Free Peoples,Free Peoples,The Broken Shackle (Free Peoples)
Free Peoples,Free Peoples,Writ of Dominion (Free Peoples)
Free Peoples,Free Peoples,Flag of the Conquerors (Free Peoples)
Fyreslayers,Fyreslayers,Igneous Plate (Fyreslayers)
Fyreslayers,Fyreslayers,Ancestor Rune (Fyreslayers)
Fyreslayers,Fyreslayers,Obsidian Coronet (Fyreslayers)
Fyreslayers,Fyreslayers,Volcanic Rune (Fyreslayers)
Fyreslayers,Fyreslayers,Ash-plume Sigil (Fyreslayers)
Fyreslayers,Fyreslayers,Meteoric Axe (Fyreslayers)
Seraphon,Seraphon,Zoetic Dial (Seraphon)
Seraphon,Seraphon,Incandescent Rectrices (Seraphon)
Seraphon,Seraphon,Blade of Realities (Seraphon)
Seraphon,Seraphon,Light of Dracothion (Seraphon)
Seraphon,Seraphon,Coronal Shield (Seraphon)
Seraphon,Seraphon,Prism of Amyntok (Seraphon)
Wanderers,Wanderers,Falcon of Holthaven (Wanderers)
Wanderers,Wanderers,Starcaster Longbow (Wanderers)
Wanderers,Wanderers,Splinterbirch Blade (Wanderers)
Wanderers,Wanderers,Wending Wand (Wanderers)
Wanderers,Wanderers,Viridescent Shawl (Wanderers)
Wanderers,Wanderers,Forget-me-knot (Wanderers)
Brayherd,Brayerd,Ramhorn Helm (Brayherd)
Brayherd,Brayerd,Brayblast Trumpet (Brayherd)
Brayherd,Brayerd,Herdstone Axe (Brayherd)
Brayherd,Brayerd,Bleating Gnarlstaff (Brayherd)
Brayherd,Brayerd,The Festerpelt (Brayherd)
Brayherd,Brayerd,Rune of the Insatiable Beast (Brayherd)
Hosts Of Slaanesh,Hosts Of Slaanesh,Lash of Despair (Hosts Of Slaanesh)
Hosts Of Slaanesh,Hosts Of Slaanesh,Breathtaker (Hosts Of Slaanesh)
Hosts Of Slaanesh,Hosts Of Slaanesh,Mask of Spiteful Beauty (Hosts Of Slaanesh)
Hosts Of Slaanesh,Hosts Of Slaanesh,Enrapturing Circlet (Hosts Of Slaanesh)
Hosts Of Slaanesh,Hosts Of Slaanesh,Icon of Infinite Excess (Hosts Of Slaanesh)
Hosts Of Slaanesh,Hosts Of Slaanesh,Fallacious Gift (Hosts Of Slaanesh)
Slaves To Darkness,Hosts Of Slaanesh,Lash of Despair (Mortal)
Slaves To Darkness,Hosts Of Slaanesh,Breathtaker (Mortal)
Slaves To Darkness,Hosts Of Slaanesh,Mask of Spiteful Beauty (Mortal)
Slaves To Darkness,Hosts Of Slaanesh,Enrapturing Circlet (Mortal)
Slaves To Darkness,Hosts Of Slaanesh,Icon of Infinite Excess (Mortal)
Slaves To Darkness,Hosts Of Slaanesh,Fallacious Gift (Mortal)
Slaves To Darkness,Slaves To Darkness,Hellfire Sword (Slaves To Darkness)
Slaves To Darkness,Slaves To Darkness,Idolatrous Plackart (Slaves To Darkness)
Slaves To Darkness,Slaves To Darkness,Helm of the Oppressor (Slaves To Darkness)
Slaves To Darkness,Slaves To Darkness,Banner of the Demagogue (Slaves To Darkness)
Slaves To Darkness,Slaves To Darkness,Mark of the All-favoured (Slaves To Darkness)
Slaves To Darkness,Slaves To Darkness,Desecrator Gauntlets (Slaves To Darkness)
Clan Pestilens,Skaven Pestilens,The Fumigatous (Pestilens)
Clan Pestilens,Skaven Pestilens,Brooding Blade (Pestilens)
Clan Pestilens,Skaven Pestilens,Bilious Bell (Pestilens)
Clan Pestilens,Skaven Pestilens,Blistrevous the Living Cyst (Pestilens)
Clan Pestilens,Skaven Pestilens,Liber Bubonicus (Pestilens)
Clan Pestilens,Skaven Pestilens,Vexler's Shroud (Pestilens)
Clan Skryre,Skaven Skryre,Assassins-bane Rigging (Skryre)
Clan Skryre,Skaven Skryre,Esoteric Warp Resonator (Skryre)
Clan Skryre,Skaven Skryre,Skryre's-breath Bellows (Skryre)
Clan Skryre,Skaven Skryre,Vial of the Fulminator (Skryre)
Clan Skryre,Skaven Skryre,Vigordust Injector (Skryre)
Clan Skryre,Skaven Skryre,Brass Orb (Skryre)
Flesh Eater Courts,Flesh Eater Courts,Splintervane Broach (Flesh Eater Courts)
Flesh Eater Courts,Flesh Eater Courts,The Grim Garland (Flesh Eater Courts)
Flesh Eater Courts,Flesh Eater Courts,Keening Bone (Flesh Eater Courts)
Flesh Eater Courts,Flesh Eater Courts,The Flayed Pennant (Flesh Eater Courts)
Flesh Eater Courts,Flesh Eater Courts,Blood River Chalice (Flesh Eater Courts)
Flesh Eater Courts,Flesh Eater Courts,Heart of the Gargant Feast (Flesh Eater Courts)
Nighthaunt,Nighthaunt,Cloak of the Waxing Moon (Nighthaunt)
Nighthaunt,Nighthaunt,Pendant of the Fell Wind (Nighthaunt)
Nighthaunt,Nighthaunt,Dreadbolt Ring (Nighthaunt)
Nighthaunt,Nighthaunt,Lightshard of the Harvent Moon (Nighthaunt)
Nighthaunt,Nighthaunt,Midnight Tome (Nighthaunt)
Nighthaunt,Nighthaunt,Covetous Familiar (Nighthaunt)
Soulblight,Soulblight,The Slaking Blade (Soulblight)
Soulblight,Soulblight,The Scabbing Plate (Soulblight)
Soulblight,Soulblight,Crimson Wing (Soulblight)
Soulblight,Soulblight,Sigil of the Sanguine Throne (Soulblight)
Soulblight,Soulblight,The Saccharine Goblet (Soulblight)
Soulblight,Soulblight,Ruby Vial (Soulblight)
Ironjawz,Ironjawz,Armour of Gork (Ironjawz)
Ironjawz,Ironjawz,Destroyer (Ironjawz)
Ironjawz,Ironjawz,Daubing of Mork (Ironjawz)
Ironjawz,Ironjawz,The Golden Toof (Ironjawz)
Ironjawz,Ironjawz,Metalrippa's Klaw (Ironjawz)
Ironjawz,Ironjawz,The Boss Skewer (Ironjawz)
Nurgle Rotbringers,Artefacts of Contagion,The Splithorn Helm (Nurgle/Rotbringer)
Nurgle Rotbringers,Artefacts of Contagion,Muttergrub (Nurgle/Rotbringer)
Nurgle Rotbringers,Artefacts of Contagion,Rustfang (Nurgle/Rotbringer)
Nurgle Rotbringers,Artefacts of Contagion,Flesh Pealer (Nurgle/Rotbringer)
Nurgle Rotbringers,Artefacts of Contagion,The Bileheart (Nurgle/Rotbringer)
Nurgle Rotbringers,Artefacts of Contagion,The Fecund Flask (Nurgle/Rotbringer)
Nurgle Rotbringers,Daemonic Boons,Noxious Nexus (Nurgle/Daemon)
Nurgle Rotbringers,Daemonic Boons,Nurgle's Nail (Nurgle/Daemon)
Nurgle Rotbringers,Daemonic Boons,The Bountiful Swarm (Nurgle/Daemon)
Nurgle Rotbringers,Daemonic Boons,The Witherstave (Nurgle/Daemon)
Nurgle Rotbringers,Daemonic Boons,Tome of a Thousand Poxes (Nurgle/Daemon)
Nurgle Rotbringers,Daemonic Boons,The Endless Gift (Nurgle/Daemon)
Nurgle Rotbringers,Plagueridden Gifts,The Virulent Blade (Nurgle/Mortal)
Nurgle Rotbringers,Plagueridden Gifts,The Foetid Shroud (Nurgle/Mortal)
Nurgle Rotbringers,Plagueridden Gifts,Sublucus' Stenchplate (Nurgle/Mortal)
Nurgle Rotbringers,Plagueridden Gifts,The Eye of Nurgle (Nurgle/Mortal)
Nurgle Rotbringers,Plagueridden Gifts,The Carrion Dirge (Nurgle/Mortal)
Nurgle Rotbringers,Plagueridden Gifts,The Shield of Growths (Nurgle/Mortal)
Daemons Of Nurgle,Daemonic Boons,Noxious Nexus (Nurgle/Daemon)
Daemons Of Nurgle,Daemonic Boons,Nurgle's Nail (Nurgle/Daemon)
Daemons Of Nurgle,Daemonic Boons,The Bountiful Swarm (Nurgle/Daemon)
Daemons Of Nurgle,Daemonic Boons,The Witherstave (Nurgle/Daemon)
Daemons Of Nurgle,Daemonic Boons,Tome of a Thousand Poxes (Nurgle/Daemon)
Daemons Of Nurgle,Daemonic Boons,The Endless Gift (Nurgle/Daemon)
Slaves To Darkness,Daemonic Boons,Noxious Nexus (Nurgle/Daemon)
Slaves To Darkness,Daemonic Boons,Nurgle's Nail (Nurgle/Daemon)
Slaves To Darkness,Daemonic Boons,The Bountiful Swarm (Nurgle/Daemon)
Slaves To Darkness,Daemonic Boons,The Witherstave (Nurgle/Daemon)
Slaves To Darkness,Daemonic Boons,Tome of a Thousand Poxes (Nurgle/Daemon)
Slaves To Darkness,Daemonic Boons,The Endless Gift (Nurgle/Daemon)
Slaves To Darkness,Plagueridden Gifts,The Virulent Blade (Nurgle/Mortal)
Slaves To Darkness,Plagueridden Gifts,The Foetid Shroud (Nurgle/Mortal)
Slaves To Darkness,Plagueridden Gifts,Sublucus' Stenchplate (Nurgle/Mortal)
Slaves To Darkness,Plagueridden Gifts,The Eye of Nurgle (Nurgle/Mortal)
Slaves To Darkness,Plagueridden Gifts,The Carrion Dirge (Nurgle/Mortal)
Slaves To Darkness,Plagueridden Gifts,The Shield of Growths (Nurgle/Mortal)
Clan Pestilens,Daemonic Boons,Noxious Nexus (Nurgle/Daemon)
Clan Pestilens,Daemonic Boons,Nurgle's Nail (Nurgle/Daemon)
Clan Pestilens,Daemonic Boons,The Bountiful Swarm (Nurgle/Daemon)
Clan Pestilens,Daemonic Boons,The Witherstave (Nurgle/Daemon)
Clan Pestilens,Daemonic Boons,Tome of a Thousand Poxes (Nurgle/Daemon)
Clan Pestilens,Daemonic Boons,The Endless Gift (Nurgle/Daemon)
Legions of Nagash,Artefacts of Nagash,Deathforged Chain (Legions of Nagash)
Legions of Nagash,Artefacts of Nagash,Balefire Lantern (Legions of Nagash)
Legions of Nagash,Artefacts of Nagash,Grave-sand Timeglass (Legions of Nagash)
Legions of Nagash,Artefacts of Nagash,Ossific Diadem (Legions of Nagash)
Legions of Nagash,Artefacts of Nagash,Amethyst Shard (Legions of Nagash)
Legions of Nagash,Artefacts of Nagash,Terrorghiest Mantle (Legions of Nagash)
Legions of Nagash,Artefacts of Sacrament,Spirit Cage (Legions of Nagash)
Legions of Nagash,Artefacts of Sacrament,Shroud of Darkness (Legions of Nagash)
Legions of Nagash,Artefacts of Sacrament,Asylumaticae (Legions of Nagash)
Legions of Nagash,Artefacts of Sacrament,Wristbands of Black Gold (Legions of Nagash)
Legions of Nagash,Artefacts of Sacrament,Azyrbane Standard (Legions of Nagash)
Legions of Nagash,Artefacts of Sacrament,Black Gem (Legions of Nagash)
Legions of Nagash,Artefacts of Blood,Ring of Dominion (Legions of Nagash)
Legions of Nagash,Artefacts of Blood,Shadeglass Decanter (Legions of Nagash)
Legions of Nagash,Artefacts of Blood,Orb of Enchantment (Legions of Nagash)
Legions of Nagash,Artefacts of Blood,Soulbound Garments (Legions of Nagash)
Legions of Nagash,Artefacts of Blood,Oubliette Arcana (Legions of Nagash)
Legions of Nagash,Artefacts of Blood,Amulet of Screams (Legions of Nagash)
Legions of Nagash,Artefacts of Night,Vial of the Pure Blood (Legions of Nagash)
Legions of Nagash,Artefacts of Night,Shard of Night (Legions of Nagash)
Legions of Nagash,Artefacts of Night,Gem of Exsanguination (Legions of Nagash)
Legions of Nagash,Artefacts of Night,Chiropteric Cloak (Legions of Nagash)
Legions of Nagash,Artefacts of Night,Morbheg's Claw (Legions of Nagash)
Legions of Nagash,Artefacts of Night,Curseblade (Legions of Nagash)
Daughters Of Khaine,Gifts of Morathi,Crown of Woe (Daughters Of Khaine)
Daughters Of Khaine,Gifts of Morathi,Cursed Blade (Daughters Of Khaine)
Daughters Of Khaine,Gifts of Morathi,Amulet of Dark Fire (Daughters Of Khaine)
Daughters Of Khaine,Gifts of Morathi,Crone Blade (Daughters Of Khaine)
Daughters Of Khaine,Gifts of Morathi,Thousand and One Dark Blessings (Daughters Of Khaine)
Daughters Of Khaine,Gifts of Morathi,Bloodbane Venom (Daughters Of Khaine)
Daughters Of Khaine,Artefacts of Shadow,Shadow Stone (Khaine/Wizard)
Daughters Of Khaine,Artefacts of Shadow,Rune of Ulgu - Steed of Shadows (Khaine/Wizard)
Daughters Of Khaine,Artefacts of Shadow,Rune of Ulgu - Pit of Shades (Khaine/Wizard)
Daughters Of Khaine,Artefacts of Shadow,Rune of Ulgu - Mirror Dance (Khaine/Wizard)
Daughters Of Khaine,Artefacts of Shadow,Rune of Ulgu - The Withering (Khaine/Wizard)
Daughters Of Khaine,Artefacts of Shadow,Rune of Ulgu - Mindrazor (Khaine/Wizard)
Daughters Of Khaine,Artefacts of Shadow,Rune of Ulgu - Shroud of Despair(Khaine/Wizard)
Daughters Of Khaine,Artefacts of Shadow,The Mirror Glaive (Khaine/Wizard)
Daughters Of Khaine,Artefacts of Shadow,Seven-fold Shadow (Khaine/Wizard)
Daughters Of Khaine,Artefacts of Shadow,Crystal Heart (Khaine/Wizard)
Daughters Of Khaine,Artefacts of Shadow,Shade Claw (Khaine/Wizard)
Daughters Of Khaine,Relics of Khaine,Blood Sigil - Catechism of Murder (Khaine/Priest)
Daughters Of Khaine,Relics of Khaine,Blood Sigil - Blessing of Khaine (Khaine/Priest)
Daughters Of Khaine,Relics of Khaine,Blood Sigil - Martyr's Sacrifice (Khaine/Priest)
Daughters Of Khaine,Relics of Khaine,Blood Sigil - Crimson Rejuvenation (Khaine/Priest)
Daughters Of Khaine,Relics of Khaine,Blood Sigil - Covenant of the Iron Heart (Khaine/Priest)
Daughters Of Khaine,Relics of Khaine,Blood Sigil - Sacrament of Blood (Khaine/Priest)
Daughters Of Khaine,Relics of Khaine,Iron Circlet (Khaine/Priest)
Daughters Of Khaine,Relics of Khaine,Rune of Khaine (Khaine/Priest)
Daughters Of Khaine,Relics of Khaine,Crimson Shard (Khaine/Priest)
Daughters Of Khaine,Relics of Khaine,Khainite Pendant (Khaine/Priest)
Daughters Of Khaine,Relics of Khaine,Hagbrew (Khaine/Priest)
Daughters Of Khaine,Draichi Ganeth,The Darksword (Daughters Of Khaine)
Daughters Of Khaine,The Kraith,Venom of Nagendra (Daughters Of Khaine)
Idoneth Deepkin,Akhelian Artefacts,Sanguine Pearl (Akhelian)
Idoneth Deepkin,Akhelian Artefacts,Potion of Hateful Frenzy (Akhelian)
Idoneth Deepkin,Akhelian Artefacts,Ankusha Spur (Akhelian)
Idoneth Deepkin,Akhelian Artefacts,Armour of the Cythai (Akhelian)
Idoneth Deepkin,Akhelian Artefacts,Bio-shock Shell (Akhelian)
Idoneth Deepkin,Akhelian Artefacts,Abyssal Blade (Akhelian)
Idoneth Deepkin,Idoneth Artefacts,Rune of the Surging Tide (Idoneth Deepkin)
Idoneth Deepkin,Idoneth Artefacts,Black Pearl (Idoneth Deepkin)
Idoneth Deepkin,Idoneth Artefacts,Lliandra's Last Lament (Idoneth Deepkin)
Idoneth Deepkin,Idoneth Artefacts,Terrornight Venom (Idoneth Deepkin)
Idoneth Deepkin,Idoneth Artefacts,Cloud of Midnight (Idoneth Deepkin)
Idoneth Deepkin,Idoneth Artefacts,Whorlshell (Idoneth Deepkin)
Idoneth Deepkin,Isharann Artefacts,Steelshell Pearl (Isharann)
Idoneth Deepkin,Isharann Artefacts,Mind Flare (Isharann)
Idoneth Deepkin,Isharann Artefacts,Dritchleech (Isharann)
Idoneth Deepkin,Isharann Artefacts,Auric Lantern (Isharann)
Idoneth Deepkin,Isharann Artefacts,Disharmony Stones (Isharann)
Idoneth Deepkin,Isharann Artefacts,Brain Barnacles (Isharann)
Idoneth Deepkin,Arcane Artefacts,Arcane Pearl (Wizard)
Idoneth Deepkin,Arcane Artefacts,Sands of Infinity (Wizard)
Idoneth Deepkin,Arcane Artefacts,Coral Ring (Wizard)
Idoneth Deepkin,Arcane Artefacts,Bauble of Buoyancy (Wizard)
Idoneth Deepkin,Arcane Artefacts,Kraken Tooth (Wizard)
Idoneth Deepkin,Arcane Artefacts,Augury Shells (Wizard)